les_nombres_2.csv,2026-10-01 09:36
le_quotidien_1.csv,2026-09-30 11:14
le_quotidien_5.csv,2026-09-29 20:47
le_quotidien_de_la_boulangerie.csv,2026-09-14 20:30
la_fermentation.csv,2026-09-10 20:12
les_étapes_de_la_boulangerie.csv,2026-09-09 20:04
la_moule_quagga.csv,
le_bonheur_et_le_malheur_1.csv,
le_bonheur_et_le_malheur_2.csv,
la_manifestation.csv,
jargon_étudiant.csv,
le_quotidien_4.csv,
la_canicule.csv,
la_ferme_2.csv,
les_ingrédients.csv,
le_quotidien_3.csv,
la_ferme_1.csv,
les_parties_du_corps_3.csv,
les_parties_du_corps_2.csv,
les_légumes.csv,
les_parties_du_corps_1.csv,
les_contenants.csv,
les_nombres_1.csv,
les_outils.csv,
la_cuisson_et_le_matériel.csv,
le_quotidien_2.csv,
les_produits_de_la_boulangerie.csv,
les_céréales_et_les_farines.csv,
