La revendication de qqch.¸ exigence fondée sur un droit que l'on affirme ou un privilège que l'on réclame, la préntention
un inventaire chiffré (d'un évènement), un bilan
la théorie qui pose que le réel est indépendant de la connaissance d'un sujet, le réalisme
arriver par un bout ; conduire à¸ se terminer dans, aboutir
qui ne peut être réduit, irréductible
Dans le temps passé¸ il y a longtemps, jadis
Adapter pour rendre plus efficace, aménager
synonyme pour « il est question de » ou « cela concerne », il s'agit de
La zone où se manifeste un phénomène physique, le champ
D'une manière approximative, approximativement
Qui se voit à l'œil nu, macroscopique
Essayer d'entraîner au mal¸ au péché, tenter
Échec complet (d'une entreprise¸ d'une idée…), faillite
Synonyme pour « aller jusqu'à », en arriver à
Cacher ou rendre peu visible (une source lumineuse), occulter
l'objet¸ l'être ou la réalité concrète ou imaginaire à laquelle renvoie un signe linguistique, le référent
accuser quelqu'un¸ l'impliquer dans une affaire¸ ou douter de la valabilité de quelque chose, mettre en cause
donner son adhésion à, souscrire à
Qui concourt au même résultat (m.), concurrent
Qui concourt au même résultat (f.), concurrente
Rendre plus grand¸ plus important, accroître